{"cameraMode":{"drawMode":0,"name":"Shaded","section":"Shading Mode"},"sceneLighting":false,"audioPlay":false,"sceneViewState":{"m_AlwaysRefresh":false,"showFog":false,"showSkybox":false,"showFlares":false,"showImageEffects":false,"showParticleSystems":false,"showVisualEffectGraphs":true,"m_FxEnabled":true},"in2DMode":false,"pivot":{"x":0.11814212799072266,"y":0.7194914221763611,"z":0.5039365291595459},"rotation":{"x":-0.007977757602930069,"y":0.7469940185546875,"z":0.00896396953612566,"w":0.6647338271141052},"size":1.2187949419021607,"orthographic":false}