{"cameraMode":{"drawMode":0,"name":"Shaded","section":"Shading Mode"},"sceneLighting":false,"audioPlay":false,"sceneViewState":{"m_AlwaysRefresh":false,"showFog":false,"showSkybox":false,"showFlares":false,"showImageEffects":false,"showParticleSystems":false,"showVisualEffectGraphs":true,"m_FxEnabled":true},"in2DMode":false,"pivot":{"x":-0.020161211490631105,"y":0.7796250581741333,"z":0.18314534425735475},"rotation":{"x":0.019888175651431085,"y":0.8470931053161621,"z":-0.031781554222106937,"w":0.5301349759101868},"size":1.3483009338378907,"orthographic":false}