{"cameraMode":{"drawMode":0,"name":"Shaded","section":"Shading Mode"},"sceneLighting":false,"audioPlay":false,"sceneViewState":{"m_AlwaysRefresh":false,"showFog":true,"showSkybox":false,"showFlares":true,"showImageEffects":true,"showParticleSystems":true,"showVisualEffectGraphs":true,"m_FxEnabled":true},"in2DMode":false,"pivot":{"x":-0.07881173491477967,"y":1.693387746810913,"z":-0.23283100128173829},"rotation":{"x":-0.04077102243900299,"y":-0.03686358034610748,"z":0.0015041102888062597,"w":-0.9984978437423706},"size":2.685516595840454,"orthographic":false}