{"cameraMode":{"drawMode":0,"name":"Shaded","section":"Shading Mode"},"sceneLighting":false,"audioPlay":false,"sceneViewState":{"m_AlwaysRefresh":false,"showFog":false,"showSkybox":false,"showFlares":false,"showImageEffects":false,"showParticleSystems":false,"showVisualEffectGraphs":true,"m_FxEnabled":true},"in2DMode":false,"pivot":{"x":0.003909945487976074,"y":0.7821977138519287,"z":0.02349036931991577},"rotation":{"x":0.022104371339082719,"y":0.9471319317817688,"z":-0.06688359379768372,"w":0.31302395462989809},"size":1.5779142379760743,"orthographic":false}