{"cameraMode":{"drawMode":0,"name":"Shaded","section":"Shading Mode"},"sceneLighting":false,"audioPlay":false,"sceneViewState":{"m_AlwaysRefresh":false,"showFog":true,"showSkybox":false,"showFlares":true,"showImageEffects":true,"showParticleSystems":true,"showVisualEffectGraphs":true,"m_FxEnabled":true},"in2DMode":false,"pivot":{"x":-1.1920928955078126e-7,"y":1.3491086959838868,"z":-0.08692276477813721},"rotation":{"x":-0.04077102243900299,"y":-0.03686358034610748,"z":0.0015041102888062597,"w":-0.9984978437423706},"size":2.4282479286193849,"orthographic":false}