{"cameraMode":{"drawMode":0,"name":"Shaded","section":"Shading Mode"},"sceneLighting":false,"audioPlay":false,"sceneViewState":{"m_AlwaysRefresh":false,"showFog":true,"showSkybox":false,"showFlares":true,"showImageEffects":true,"showParticleSystems":true,"showVisualEffectGraphs":true,"m_FxEnabled":true},"in2DMode":false,"pivot":{"x":-1.1920928955078126e-7,"y":1.4841859340667725,"z":-0.274066686630249},"rotation":{"x":0.03107937052845955,"y":0.16180628538131715,"z":-0.005098611116409302,"w":0.986320436000824},"size":2.607450008392334,"orthographic":false}