{"cameraMode":{"drawMode":0,"name":"Shaded","section":"Shading Mode"},"sceneLighting":false,"audioPlay":false,"sceneViewState":{"m_AlwaysRefresh":false,"showFog":false,"showSkybox":false,"showFlares":false,"showImageEffects":false,"showParticleSystems":false,"showVisualEffectGraphs":true,"m_FxEnabled":true},"in2DMode":false,"pivot":{"x":0.023765787482261659,"y":0.8354456424713135,"z":0.02576768398284912},"rotation":{"x":0.008455399423837662,"y":0.9912654161453247,"z":-0.0804685428738594,"w":0.10416092723608017},"size":1.2751604318618775,"orthographic":false}